id,word_count,sd,ave_sentiment
id_1,17,0.21308796102319608,-0.7360235374181229
id_10,489,0.19675482715913653,-0.14587053096229324
id_100,124,0.16876370765097273,-0.13641824391182458
id_101,90,0.4201835498914099,0.36157838772853224
id_102,218,0.2607186643112761,0.09786169905197115
id_103,33,0.15513142306730052,0.13333859521152922
id_104,183,0.2872059195422485,0.08370573432484829
id_105,199,0.15806122585245969,-0.2614139623727778
id_106,800,0.2823431519392347,-0.11671150228857678
id_107,18,0.21253391854094847,0.29540204643481693
id_108,169,0.3376390212390859,-0.03459482096547186
id_109,111,0.1605222926475143,-0.170654133767729
id_11,179,0.19701390728462587,-0.013327029772887728
id_110,213,0.19278058393238737,3.990697342448432e-4
id_111,95,0.22388183272052226,0.12048423864877422
id_112,137,0.2569268015115495,-0.1657745806113341
id_113,84,0.28077833936465335,-0.1484253605256585
id_114,334,0.2510086272029087,-0.13257733447623626
id_115,156,0.3277827863831058,-0.3668983710113788
id_116,204,0.22881780976534818,-0.21902464204142957
id_117,146,0.2934800393263446,-0.16467954038041757
id_118,303,0.304765796495973,-0.5215578542555167
id_119,225,0.4492691238839447,-0.11495892642994893
id_12,108,0.22379101194195208,-0.15381265787918205
id_120,100,0.13935652273402216,-0.2786863357059939
id_121,126,0.24272545067254156,-0.1762144701413891
id_122,19,0.32989113211543386,-0.5370932288240556
id_123,205,0.2841535449361311,0.14789243099825175
id_124,126,0.24077471312738236,-0.11831053245670922
id_125,161,0.20488131996961845,-0.24890418194355687
id_126,30,0.13389250826163465,0.009078342392782905
id_127,73,0.22264842524028086,0.28184133824645263
id_128,13,NA,0.33559361871626364
id_129,87,0.12082146811928521,0.056349015463778636
id_13,150,0.14316003877768238,-0.026245673946460563
id_130,83,0.2455448511090451,0.038149173355325895
id_131,131,0.2607540515789599,-0.38251903957729305
id_132,25,0.1496524058224946,-0.1602819412089967
id_133,38,0.13612001373567173,0.12209665383549359
id_134,272,0.3144905947984153,0.07972064752285166
id_135,121,0.21328321675162484,0.18948802338909906
id_136,23,0.1339099761622182,-0.04645684855764411
id_137,136,0.37551622144125774,-0.6107658301869053
id_138,65,0.23849698564596852,0.037492856238655954
id_139,210,0.335961406029398,-0.15338968766094846
id_14,256,0.21198044146842546,-0.3295719248011733
id_140,52,0.15941571175919436,-0.13659545266416787
id_141,174,0.18620490739216813,-0.01766901996753668
id_142,189,0.2008435270951188,0.15707447844858932
id_143,37,0.11644849458798609,0.10655342652486842
id_144,152,0.4928973304180892,-0.41504013706711856
id_145,191,0.2510523353785539,0.039038140396388574
id_146,64,0.34569578681291496,0.043363356270884605
id_147,150,0.176735831963238,-0.24871984453903662
id_148,156,0.3439803770448468,-0.13255983940033453
id_149,30,0.15029237816633112,-0.3610650518471139
id_15,56,0.23274055045733588,0.26690166338781185
id_150,230,0.25904621873839434,0.008820090335716653
id_151,74,0.14415832470724188,-0.13867182860713978
id_152,121,0.21082838500869255,-0.37114586064968946
id_153,168,0.2779773131360974,-0.052593762527392576
id_154,126,0.13892954673443955,0.10033700651538453
id_155,277,0.3271786993580274,-0.48279899141081206
id_156,24,NA,0.4307019464393756
id_157,82,0.16429930798819467,0.05841281856282163
id_158,33,0.27388697785134075,0.4598931654052836
id_159,17,0.11967388238077133,0.08644680356563929
id_16,77,0.31229658026092194,0.3613217318175771
id_160,79,0.2817010720601808,-0.5646732756795468
id_161,371,0.31765679997172,0.011982689047884127
id_162,277,0.29601159146776174,0.15107244087150726
id_163,261,0.19272076952691994,0.07160074179339078
id_164,161,0.13823767242780602,-0.14930736097216596
id_165,255,0.25001763055755855,-0.16987111922634807
id_166,134,0.2811183698087077,-0.4369509979197385
id_167,54,0.21492742492385147,-0.0337350730487613
id_168,246,0.1674209608285896,-0.21077523560343664
id_169,166,0.2641721696279039,-0.22912680853805528
id_17,189,0.22692968877788863,-0.04908572390509471
id_170,67,0.024681399781144787,-0.11417805856986896
id_171,75,0.2310840488004259,0.08472310458722326
id_172,102,0.42966360848366764,0.13494017566209013
id_173,184,0.16147390062166447,0.04061045730568239
id_174,20,NA,0.17351887505398367
id_175,47,0.13902812478297094,-0.08968169854151482
id_176,751,0.22546535072418453,-0.0676888837765896
id_177,57,0.2688126473204672,-0.026008799478057176
id_178,13,NA,0.33559361871626364
id_179,506,0.3123825370462154,-0.2955557102439366
id_18,436,0.16125460142521955,0.05521618036385477
id_180,506,0.2086643464842772,-0.05685341837049912
id_181,74,0.1324724200924435,0.09289800619087478
id_182,20,NA,-0.1372945738184871
id_183,226,0.2066166959858904,-0.09744591769827406
id_184,95,0.2369533210806655,-0.5868451792456583
id_185,169,0.14852999678773704,-0.1460012590341231
id_186,305,0.29333394451165073,-0.1271518174001187
id_187,191,0.2315110762084891,-0.18367394673613216
id_188,413,0.296281949063471,-0.22651188144132545
id_189,158,0.2428669640769733,0.21945183940687668
id_19,171,0.3255228521846279,-0.2033056425862129
id_190,174,0.19100531104571208,-0.09604207069521017
id_191,268,0.3537014621287906,0.09102676944054912
id_192,290,0.20052192750851358,0.03117634361257433
id_193,135,0.2694594889378171,0.07247313900545685
id_194,92,0.36918842885742054,-0.22007040627169921
id_195,98,0.21777098519346896,0.013667345411867772
id_196,127,0.2153479550071057,0.203772750244755
id_197,533,0.26892416550453396,-0.018167424619038836
id_198,71,0.12230062652328315,0.22882897200339786
id_199,85,0.3031358145173137,0.39395133334892896
id_2,185,0.18154328535229805,0.06676037169592904
id_20,8,NA,0
id_200,225,0.4165715887380692,0.08759010971438573
id_201,70,0.19975857897288973,-0.2338911327289202
id_202,272,0.2472994739021934,-0.06692867332094732
id_203,106,0.171189053293563,0.1912439617292927
id_204,5,NA,-0.00804984471899925
id_205,205,0.23945260360295129,-0.12077955891232346
id_206,198,0.17913663237394503,-0.08716571042941414
id_207,172,0.2773813276947532,-0.5039889623348677
id_208,196,0.250397566254659,-0.05492325048624369
id_209,253,0.2998897373075869,0.11368565438372352
id_21,100,0.30803122327956256,-0.17386278615674508
id_210,152,0.30197084464852486,-0.2275458509126329
id_211,36,NA,0.3958333333333333
id_212,68,0.09480151649544802,-0.18607082696529872
id_213,243,0.3080936755068003,0.17920837656261038
id_214,183,0.2378839933940743,0.09608467079486162
id_215,127,0.4040848075147996,-0.2635395506255575
id_216,142,0.1747472720682421,-0.03412963306084822
id_217,64,0.22280408473503074,-0.09485539375456349
id_218,37,0.02320657001871577,0.23049904304423002
id_219,158,0.3064451744628001,-0.15753581217419557
id_22,139,0.2329620468974785,-0.11526133433451292
id_220,178,0.3003731855351057,-0.23655180753536462
id_221,12,NA,0.2147743001385408
id_222,78,0.31114055401742186,-0.566585211340745
id_223,29,0.2606274755127205,-0.3223752113680911
id_224,25,0.20884858382468682,0.14353175008275768
id_225,70,0.1550424803475946,0.22423173527052578
id_226,142,0.18416176823748978,-0.16467862507433606
id_227,14,0.17488231455464917,0.22989292006208245
id_228,12,NA,0.2147743001385408
id_229,77,0.13147866072937536,0.014818640205484313
id_23,80,0.24659146134430976,-0.2877506864149423
id_230,209,0.2738897113152194,-0.2811916369066681
id_231,101,0.36481475148789994,-0.35517014440839
id_232,57,NA,-0.04739176773578729
id_233,64,0.2948209450587787,0.264923548368779
id_234,152,0.4928973304180892,-0.41504013706711856
id_235,408,0.3096950361369201,-0.18861350098427931
id_236,90,0.15527178161284277,0.12473287931919996
id_237,365,0.238841573328221,-0.07688716480497938
id_238,226,0.26839683018442445,-0.10040419972433447
id_239,51,0.07408314802755647,0.03418195602264385
id_24,193,0.17317190148191716,-0.004490676863540047
id_240,90,0.2032324146645875,0.05384947049579732
id_241,52,0.1463468241811563,-0.043079522486481246
id_242,384,0.2654728383808155,-0.15284034018203982
id_243,222,0.2834265002693966,0.14040746700423987
id_244,179,0.2897380115921755,0.025096550572711436
id_245,85,0.26880311517523686,-0.07889572292996033
id_246,48,NA,0.23025450423118762
id_247,219,0.24196934244440202,-0.09548414809148868
id_248,60,0.4206851273648589,-0.04561105421500811
id_249,96,0.40386813165188085,-0.5349137265522774
id_25,182,0.24098653159839403,-0.26633455791836436
id_250,723,0.29999437681009217,0.10205855387184604
id_251,69,0.2891592482729166,-0.1892973075696628
id_252,28,0.4373804881662777,0.29698069201308597
id_253,267,0.37449367496322633,0.1752549915026899
id_254,45,NA,0.33851087755376813
id_255,226,0.23505037990958436,-0.28267586849323834
id_256,207,0.3881587402262896,-0.1264774507463198
id_257,40,0.2080175985414316,0.1301651756184851
id_258,53,0.1083536898771261,-0.002830661829137419
id_259,124,0.1846079760813841,-0.10706684814308248
id_26,194,0.19504103257948904,0.061343293666488684
id_260,30,0.46400331059655925,0.27979423683495314
id_261,120,0.27321746152611587,0.16016351384695254
id_262,456,0.23473013926575334,0.1669435734910093
id_263,99,0.30892424327926676,0.08831567539650641
id_264,53,0.2906841153523628,-0.2060174132361562
id_265,143,0.21943223703789666,0.02552127216579205
id_266,80,0.4193543797005564,0.23460668681570299
id_267,533,0.2293945728544586,-0.1313257759375189
id_268,37,NA,0.663021115802506
id_269,73,0.41923806500973604,-1.0187434791687071
id_27,48,0.24880600033887224,-0.46730119039387014
id_270,18,0.14217560347057515,-0.05113333333333331
id_271,16,0.26330683511678404,0.159292450222755
id_272,137,0.2662987861374494,0.05453870016459304
id_273,105,0.2377285741104933,-0.3009209991606066
id_274,74,0.14415832470724188,-0.13867182860713978
id_275,117,0.3453416407184938,-0.014520863480714708
id_276,25,0.22991531884760122,0.3323018516162959
id_277,295,0.21349604040173062,-0.0021303976699911585
id_278,39,0.147357650806947,-0.10512370991457948
id_279,151,0.29971271341625816,-0.12886821201082013
id_28,34,0.04999183756904134,0.39490863146540917
id_280,189,0.18465927662578369,-0.25553030564580026
id_281,89,0.2970670304609579,-0.23164163829234669
id_282,180,0.24717677423634613,0.014285521703053063
id_283,118,0.24391070031851683,-0.29008549672209133
id_284,31,0.16845546857913382,-0.11846151061666532
id_285,193,0.22737308690368105,-0.3987172746918961
id_286,165,0.29707753451338204,-0.3565769940725633
id_287,18,0.19485752883930432,0.14933208539131784
id_288,22,0.3228572248332791,-0.5831104983768818
id_289,64,0.14449268971237036,0.009622841511115721
id_29,65,0.11694574877570524,0.27653072402514317
id_290,43,0.12377208284342436,0.15920106636407858
id_291,369,0.28216634354733683,-0.13858912465828177
id_292,390,0.31922534244951506,-0.0762969961950063
id_293,209,0.16957831110837052,0.04393267527147003
id_294,172,0.20685184323195302,-0.02215176473038718
id_295,474,0.30623748383097366,-0.20242324471112746
id_296,32,0.33453557901812964,-0.3274505112615614
id_297,186,0.24700253828231605,-0.4517141374170116
id_298,90,0.5794395357101283,-0.8174231618418482
id_299,140,0.2045424593484434,0.11405869245970353
id_3,445,0.2196974522168004,0.013847092031159155
id_30,344,0.16639498388304536,-0.1314575645350756
id_300,66,0.25880405278415225,-0.41746838872238934
id_301,32,0.33453557901812964,-0.3274505112615614
id_302,152,0.4928973304180892,-0.41504013706711856
id_303,127,0.17522806924175802,0.11529872626832918
id_304,294,0.2845246840086304,-0.4738014651166342
id_305,28,0.09818448413086808,-0.12182308546376021
id_306,5,NA,-0.2101903898849802
id_307,46,0.14832132073592827,0.06533519421599147
id_308,246,0.1594850252692705,-0.059443652812228326
id_309,225,0.22509970216921416,-0.2915774123930864
id_31,197,0.28097044651159714,-0.11391723074699517
id_310,134,0.3755029453322502,-0.22232738682521333
id_311,255,0.2567949557706442,-0.1578401702707474
id_312,10,0.22390336975735342,-0.30264174446061143
id_313,134,0.15727657571124543,0.15680554455387039
id_314,540,0.2035173046988208,-0.2186785571637306
id_315,95,0.5321735507216508,-0.7402939793875654
id_316,43,0.42130878266883637,-0.06982292287645848
id_317,74,0.1324724200924435,0.09289800619087478
id_318,64,0.09207626043724722,0.07766929359058015
id_319,41,0.18639797403784023,-0.2042084681728454
id_32,125,0.340825913207477,0.007158987817367533
id_320,96,0.17038895087733352,-0.29907497303576885
id_321,56,0.0725335270999615,0.07478906489979263
id_322,70,0.19652505505408432,-0.24290404428970339
id_323,106,0.2189030302579406,-0.04267506987029179
id_324,129,0.23122044835805505,0.26737176300832394
id_325,172,0.1628088542688597,0.07995356967358777
id_326,15,0.21668055518650395,0.20246551293649548
id_327,29,0.21989753704238604,-0.27604605556799644
id_328,130,0.24735554266659746,-0.16442842287740225
id_329,95,0.2939616605730227,-0.2284098822241553
id_33,456,0.27863302303965104,-0.10859048874802983
id_330,39,0.09263225920929778,-0.14710000680172355
id_331,266,0.2373369463631265,-0.01852745427146675
id_332,136,0.29643276120250633,0.28175062838204795
id_333,12,NA,0.160503374834716
id_334,142,0.19917394219196893,-0.08917764635229436
id_335,671,0.22235432104505928,0.1887572874870969
id_336,73,0.21207190206483428,0.11021579627748812
id_337,37,0.2040025860700367,-0.028450003562232516
id_338,129,0.2729779296830921,0.1344917565726723
id_339,121,0.2311861896086632,0.10672152780037977
id_34,377,0.1951656864886256,-0.03120573674804287
id_340,90,0.2506509981629166,-0.26633357735558544
id_341,141,0.21266316886667447,0.31047353116009846
id_342,96,0.2354908817148921,-0.17784691976241154
id_343,131,0.3902457858275334,-0.04787569924086843
id_344,161,0.20337280767949872,-0.33618274362745976
id_345,340,0.2322693067492793,-0.1051122503909039
id_346,457,0.2319694786740226,0.11468227706839348
id_347,127,0.2511117954276835,0.2482125295445053
id_348,92,0.19875253775228371,0.003611015496328566
id_349,113,0.17704693526721968,-0.14344011019270733
id_35,33,0.11657309409919628,0.3039296253414392
id_350,122,0.2253337321875988,-0.04525777112678174
id_351,383,0.26203747265488453,-0.3137982016803432
id_352,77,0.2408543149913155,-0.0859446723226286
id_353,309,0.21209133462351704,0.2016161246485225
id_354,105,0.14463161903339436,-0.2118967431807613
id_355,383,0.2872796308736672,-0.038573143646006156
id_356,150,0.21189025402271874,0.09662272101267548
id_357,202,0.14596360486688784,0.08933117479930221
id_358,267,0.2577814370105834,-0.24122695115458642
id_359,362,0.2243500254765159,-0.2354672258681156
id_36,61,0.1782412259482752,-0.34233366516927216
id_360,113,0.24133293365512548,-0.3583291603145808
id_361,60,0.2769482757163751,-0.24909290942591356
id_362,148,0.2898372440025055,-0.2048811950446378
id_363,341,0.37898712603906765,-0.013942419179447895
id_364,33,0.03684892807284107,0.15003551588780262
id_365,67,0.17338188931793488,-0.07782831618618254
id_366,202,0.3210107883981231,-0.15843827180585096
id_367,80,0.16491513703486502,-0.19669358399734055
id_368,33,0.16877555181801585,-0.022493723538409775
id_369,191,0.2315110762084891,-0.18367394673613216
id_37,89,0.16260539533051885,0.17282446683700511
id_370,63,0.15895236688053418,-0.0387251860428402
id_371,33,0.18761456051786216,-0.4054121777256177
id_372,165,0.20726649014760234,0.1319862144547116
id_373,197,0.2179404962120596,0.006262461227846794
id_374,197,0.31294500226723165,-0.019640227391438097
id_375,61,0.2650795957124632,-0.46407667496783656
id_376,93,0.1686624442283976,-0.03112180185994272
id_377,118,0.1658510160554959,-0.2611436469688634
id_378,162,0.20197388809894207,-0.05299031208440294
id_379,199,0.30874853611076675,0.05865590993955526
id_38,54,0.1922159009007813,-0.011555363117037146
id_380,39,0.14127890097293455,0.22386055319514522
id_381,287,0.3152536163830663,-0.027511516953460546
id_382,92,0.27310734331974607,-0.12718527477009456
id_383,25,0.2027954412295128,-0.39901040839935265
id_384,21,NA,0.3007042527451975
id_385,91,0.1923463840091053,-0.4267610073857716
id_386,107,0.160754668753098,0.055550099128349933
id_387,117,0.2978454851915126,-0.170537602886607
id_388,202,0.22462475382190672,-0.41069375923493917
id_389,389,0.19682362748025725,0.0910124591579854
id_39,16,NA,0.17800000000000002
id_390,80,0.2232573528102559,-0.040689895388036856
id_391,40,0.21246180570508083,-0.23254460577643976
id_392,31,0.10306437069625228,-0.05325374421228934
id_393,34,0.2084626897265515,-0.1615279691561191
id_394,130,0.3201991385887605,-0.13682569847456338
id_395,173,0.2304710649633788,0.21623959190037767
id_396,157,0.3034795654465987,0.028408312509617145
id_397,89,0.33569307924933656,-0.19483866023623686
id_398,371,0.29183775872225964,-0.10846099049817653
id_399,42,0.2836690846912708,-0.4988110001405474
id_4,180,0.1834072332981956,-0.19409052690536813
id_40,124,0.39114023171010387,-0.20064571853835844
id_400,132,0.06468486407614413,0.1920150965542454
id_401,72,0.17062540740496945,-0.28265090343315186
id_402,700,0.268029477993312,0.22200248862967142
id_403,41,0.2957246901947736,0.22563581889877293
id_404,132,0.43402916913943096,-0.09525424713160864
id_405,50,0.11997948553937388,-0.10291129349103642
id_406,194,0.19504103257948904,0.061343293666488684
id_407,32,0.2193292030286708,0.2633163294495063
id_408,571,0.3189695953140518,-0.3272389874612171
id_409,142,0.29386462494686744,-0.27873508237397965
id_41,212,0.36017761702609924,0.030714153784433224
id_410,159,0.26376603140383675,-0.19993830333468648
id_411,87,0.26202043087442606,-0.45989377236553414
id_412,192,0.21039586870659954,-0.06555856689947234
id_413,97,0.11819834191439758,0.05027128835943055
id_414,76,0.3947739501265899,-0.23635315485369518
id_415,21,NA,0.0069829724875517555
id_416,125,0.2242206205988252,0.06343325818274166
id_417,230,0.3023952234967941,-0.2813948476283706
id_418,80,0.22562943786799064,-0.30194457224375776
id_419,41,0.556388927870399,0.18168032485002225
id_42,299,0.28641548140922285,-0.4446043965865145
id_420,129,0.22285614149393052,-0.28963397488535925
id_421,127,0.2220220944469913,0.12064862579185766
id_422,46,0.3053122221159092,-0.5055533325126833
id_423,218,0.2687642460737602,-0.007430557125868561
id_424,118,0.3550304794539377,-0.11198203471813716
id_425,125,0.10761998383230899,-0.0022774396892877315
id_426,20,0.46471058463578435,-0.6269064181855896
id_427,298,0.22205501815256695,-0.12371948454902662
id_428,215,0.14727584267306013,0.22386580489254854
id_429,90,0.2506509981629166,-0.26633357735558544
id_43,81,0.09653601011872351,0.16335067969627382
id_430,189,0.38717817384671155,0.14302791288278702
id_431,190,0.20185354542910447,-0.16915186800324705
id_432,52,0.24008278124426724,-0.346103834298165
id_433,87,0.26248236420643256,0.14030494322890014
id_434,86,0.19566722412788978,-0.08305992120912771
id_435,94,0.4257469477285862,-0.3217510011317477
id_436,7,NA,0
id_437,89,0.21344528339115162,0.025820610664769456
id_438,182,0.24216106479823238,-0.25392461010281225
id_439,108,0.1640427815883756,-0.010871574216558044
id_44,368,0.37669428032128727,-0.1752318833260595
id_440,476,0.287259124487964,-0.1362230636956911
id_441,184,0.41750971723096925,-0.13817284376924666
id_442,242,0.2173861271604355,0.17157549061196822
id_443,381,0.3081278178612682,-0.23762089482086587
id_444,271,0.3286969458476344,0.04312783744405979
id_445,91,0.2519182122971827,-0.0609743985715572
id_446,37,0.4360105991297183,-1.1719416175524986
id_447,30,0.1988460209706569,-0.3468919038361377
id_448,70,0.06675374016948231,0.19387379414569125
id_449,261,0.3055423996634649,-0.22041612567309862
id_45,133,0.23872314251756394,-0.28792534273615233
id_450,169,0.4453340431134158,-0.2572421068062435
id_451,115,0.2590393867012933,-0.22716704011971103
id_452,12,NA,0
id_453,99,0.1294499538204273,-0.05390274386417008
id_454,886,0.22319884603810844,-0.026385884218828794
id_455,13,NA,0.09374433316206372
id_456,175,0.1818612137503121,-0.03143031248756956
id_457,92,0.14096741600319104,0.1269035165511114
id_458,203,0.2584375679168738,-0.16259555002067036
id_459,574,0.24961335240352014,-0.2540874578563604
id_46,253,0.21052658717676706,-0.13690329984569963
id_460,66,0.19269242414011606,-0.47340683890293545
id_461,150,0.14316003877768238,-0.026245673946460563
id_462,930,0.19332287377264246,-0.019393326244705796
id_463,267,0.2657220116764052,-0.19385678961493866
id_464,42,0.2744475040085875,0.03542580446722801
id_465,69,0.20471088712132182,-0.3326309408584383
id_466,9,0.1119630472719801,0.7188739282304324
id_467,59,0.21793457729820837,-0.3813728342317609
id_468,157,0.3126565690439901,0.29571888861957735
id_469,38,0.12363188728666695,-0.4402293412054274
id_47,88,0.36966692273946805,-0.36445011970932545
id_470,234,0.26405599501813226,-0.2523870560343943
id_471,10,0.013880441875771343,-0.010711773080555717
id_472,99,0.1535158533926176,-0.12445884271740089
id_473,10,0.15168708827585936,0.19617091019350497
id_474,323,0.23186735052750146,-0.10323586934909304
id_475,142,0.4374708038981187,-0.0014019385670678308
id_476,51,0.1866453622802623,0.16161493165985905
id_477,22,0.26138597322603124,-0.30253316428957877
id_478,105,0.33246444555332383,-0.22310731740573453
id_479,146,0.3364922647685509,0.10613486286727579
id_48,2,NA,0
id_480,370,0.2681020204325136,-0.27983882062629417
id_481,298,0.2598315933973588,0.011436874293249109
id_482,289,0.24337661168588043,-0.1258410285931248
id_483,69,0.2760733234494313,0.3787871900563384
id_484,448,0.35144177279023686,0.2214918055174541
id_485,302,0.3202425685379968,0.23098276983730148
id_486,62,0.22317224423236434,-0.37493280110324895
id_487,47,0.15257725804051142,-0.24971086727088299
id_488,147,0.24920254893960472,-0.26583296520773175
id_489,29,0.06953584506817312,0.11316926758324236
id_49,117,0.17664646760415134,0.05066778246276865
id_490,40,0.3045319988755252,0.14028392659635341
id_491,36,0.5237887227133347,-0.40421666616053403
id_492,85,0.18738031255564397,0.042378808761215234
id_493,76,0.12952779457240113,0.05875418359057942
id_494,74,0.18289963995287914,0.03633565683395469
id_495,76,0.4417629395196398,0.4759973686562522
id_496,184,0.2866105153617493,-0.3921040991851747
id_497,90,0.29597511330748666,0.20791662994136875
id_498,89,0.15098419592326906,0.155964975838702
id_499,88,0.17444584485405035,0.23186348254728154
id_5,197,0.25803827347635533,-0.24870241166401755
id_50,66,0.1564559939252124,-0.23208318061197808
id_500,111,0.2825426068879069,-0.07029345980667971
id_501,12,NA,0.29398675707135746
id_502,418,0.27712661928338045,-0.2068251410321952
id_503,40,0.10440358076522492,0.04148870183283756
id_504,42,0.24727844199141238,0.29786889176109954
id_505,205,0.2229425797065274,0.003302201952604297
id_506,99,0.24798326593571335,0.29120296476676794
id_507,166,0.22628625479408937,-0.23487177422216451
id_508,64,0.1337167726107785,0.278787409920141
id_509,138,0.25014279630594644,-0.3201030143876164
id_51,200,0.31839847990796444,-0.29399046593072914
id_510,71,0.28090365102523435,-0.1355596296591083
id_511,37,0.151744435689666,-0.10479546299401382
id_512,28,0.10600355987853194,0.15447970322066687
id_513,35,0.24568234444432777,-0.43377760549259836
id_514,102,0.11745733733547004,0.1156883540972882
id_515,132,0.1590416737286934,0.020331306214566174
id_516,130,0.3201991385887605,-0.13682569847456338
id_517,138,0.15472139142939076,-0.15423782288225787
id_518,194,0.29865552663481243,-0.1999371838767821
id_519,61,0.03166877225837236,0.12366831004383551
id_52,189,0.31689075028065933,0.03698501926407584
id_520,27,0.1488337215115017,0.18030070792805142
id_521,248,0.4985421955362836,-0.5118460082971954
id_522,676,0.2478843325575389,0.06432141430052
id_523,150,0.2165461261034872,-0.17379943856460564
id_524,18,0.31225575344701006,-0.3894739024122526
id_525,195,0.27197413035648005,-0.0959395354866549
id_526,233,0.2721852574068616,-0.29304511888657153
id_527,159,0.1849737084658555,0.23366408351701537
id_528,42,0.25438329521612474,0.2574578643930318
id_529,65,0.19342643004158613,0.12418137287328229
id_53,216,0.18434666284204332,-0.1369779282696394
id_530,209,0.29080724155941745,0.04262960639797591
id_531,79,0.61392719568195,-0.24752299918324366
id_532,380,0.26118856684441716,-0.26678058659980486
id_533,202,0.3353043449715854,-0.2094449274978054
id_534,19,0.3106867968135848,0.23976228540684713
id_535,161,0.3102548819870556,-0.18330760529268805
id_536,182,0.20740733380576437,-0.18941607486920264
id_537,45,0.045378571406345644,-0.09972541759451571
id_538,70,0.30774620654512036,0.3158620613513232
id_539,154,0.2389546852869652,-0.2904774781023761
id_54,55,0.1707260624182615,-0.2172365891602714
id_540,99,0.21855523407212263,-0.11408536197125779
id_541,4,NA,0
id_542,62,0.29825422855686534,0.26871513435600547
id_543,38,0.05121005302303799,-0.09042846852150271
id_544,184,0.36762068264101017,0.05463024731649072
id_545,187,0.3408689733775491,0.040437995491979635
id_546,66,0.27742445490588424,0.09595426930806095
id_547,229,0.47945298161604355,0.3718764031555576
id_548,128,0.26113228535916144,-0.23162663156617644
id_549,219,0.2090390055590868,-0.1449704637011413
id_55,5,NA,0.02146625258399798
id_550,61,0.20506799815816368,-0.20888766643071802
id_551,50,0.5519263030376452,0.33892473439431525
id_552,52,NA,0.17667201249773545
id_553,36,0.1755776735302932,-0.3235167503521285
id_554,163,0.3174259301445984,-0.6471733235478924
id_555,379,0.27352910237955275,-0.1641312589956043
id_556,152,0.4688059175624472,-0.3715708912513153
id_557,53,0.17117188780741255,0.04049741842107146
id_558,88,0.16442424526967447,0.21481130481462068
id_559,42,0.06559659024412445,0.0076253304660680605
id_56,131,0.17903821466242775,0.018656226594405367
id_560,50,0.24866979779178702,0.051312225762283975
id_561,149,0.2456134737548415,-0.04790732281507648
id_562,131,0.24614617635281402,-0.027019279037872292
id_563,277,0.28879939833961316,-0.03669344757583711
id_564,178,0.1501302578268596,-0.12356717839895946
id_565,49,0.3499938037220069,-0.29296481399217134
id_566,16,NA,-0.1245
id_567,79,0.21070914233169613,0.2872013870034814
id_568,38,NA,0.443229477884526
id_569,196,0.2455841845883028,0.05166767192455788
id_57,43,0.34410571916487925,-0.49766496034413404
id_570,177,0.24545859601410044,-0.13511481442878712
id_571,56,0.3355494205003995,-0.6689534835424545
id_572,58,0.285375733311666,-0.5213657919177768
id_573,411,0.15848120938093274,-0.17367739520167386
id_574,588,0.3067786416082415,-0.04428402438543321
id_575,117,0.2476020563135704,0.19088745038227012
id_576,223,0.2606817142629896,-0.19332841374662846
id_577,156,0.17337202997473483,0.1629906939082482
id_578,73,0.23440840802710564,-0.25871635311094693
id_579,120,0.27321746152611587,0.16016351384695254
id_58,112,0.18749817411428166,0.09102483556280132
id_580,26,0.18901095936671494,0.17873425840955337
id_581,109,0.157937335782676,0.15375040534080733
id_582,33,0.21331038109658282,-0.17520210698589245
id_583,281,0.24430489653311746,-0.1856135946348055
id_584,52,0.2830574305420281,0.15415842078281522
id_585,183,0.2263762067775524,-0.17852195122543946
id_586,100,0.3820018122598658,-0.3423465970098197
id_587,8,NA,-0.10606601717798211
id_588,826,0.24234177330423148,0.07408047060900111
id_589,193,0.21773995882419345,-0.07645089426728509
id_59,43,0.045304439415230484,-0.04013370732033862
id_590,127,0.24471197763633293,-0.015407926192251016
id_591,235,0.27133437997940135,4.932780716686056e-4
id_592,323,0.20134390046291487,0.03641454134547114
id_593,173,0.2483199634451749,-0.3739248630839691
id_594,93,0.3384971132460655,-0.3549009822467043
id_595,97,0.42206365565463777,-0.11953989413420074
id_596,293,0.29887592881476277,-0.1600914977932404
id_597,20,NA,-0.013416407864998743
id_598,53,0.09116023344045586,-0.33955717381897454
id_599,460,0.21762128374386208,-0.20017617772471555
id_6,121,0.3511055681406401,0.18038867512674975
id_60,299,0.28239134783496195,-0.3620427217169119
id_600,138,0.25577057026361366,-0.23999470717269356
id_601,250,0.23545357223905458,-0.12881867007551157
id_602,233,0.34545625509635874,0.1545458951292018
id_603,269,0.2910987217882761,-0.027485959371338
id_604,171,0.2506419378026625,0.06542452738260397
id_605,75,0.36115519451281913,-0.2515659727013554
id_606,99,0.18465547429484394,-0.19429875165393018
id_607,193,0.2395077000049332,0.002345461735640065
id_608,28,0.2734762453600857,-0.1430750501058736
id_609,439,0.2226899991462146,4.950931410243237e-4
id_61,43,0.28148223955373186,-0.11028277294075915
id_610,95,0.14325380845212107,0.02905416573742596
id_611,56,0.2720307569393957,-0.0903012738095031
id_612,260,0.3819593190971753,-0.3231355169760176
id_613,93,0.3199600276726389,0.05009315525162998
id_614,32,0.2193292030286708,0.2633163294495063
id_615,72,0.26782753431234757,-0.8680477496209031
id_616,97,0.27748368333045187,0.16842050814094264
id_617,66,0.42611547704986014,-0.3413040803633439
id_618,39,0.21301319485540768,-0.4967110412205779
id_619,24,0.21675985970961106,-0.4109177157159542
id_62,71,0.37224127925951445,-0.04267363235859959
id_620,68,0.1365920053282565,0.2142923150757796
id_621,544,0.23658718112966284,0.16093548591306206
id_622,29,NA,0.7806632016963261
id_623,265,0.28303438895376876,-0.27915849528057957
id_624,369,0.28216634354733683,-0.13858912465828177
id_625,247,0.14206159294238127,0.013864976091793992
id_626,126,0.2943488282020421,-0.05857434582586238
id_627,15,0.036697877338626214,-0.14061598458796137
id_628,40,0.20853399959931848,-0.4988610305315642
id_629,237,0.3289645404126645,-0.1671824135574026
id_63,524,0.2653720069480157,0.13027488268620158
id_630,133,0.31579580084350706,0.04499960734249106
id_631,84,0.2987071972905444,-0.07124673463888337
id_632,167,0.3185068081753801,0.10021528207881994
id_633,154,0.1944577272596356,0.020559602319866095
id_634,137,0.18327881606710061,0.11650904676841345
id_635,130,0.17185889376212882,-0.17581119262720027
id_636,81,0.36079716638478165,0.1021409439252626
id_637,38,0.5453884178416237,0.4058364332170238
id_638,12,0.11954415587728426,0.12053048327204938
id_639,19,0.0737674478590412,0.056927594183947
id_64,588,0.3067786416082415,-0.04428402438543321
id_640,31,0.6497435896118812,-1.2862317678072388
id_641,80,0.20182642242850463,-0.2682292874344305
id_642,228,0.32309900827271076,0.03465794206076578
id_643,110,0.1952648338606901,0.24426456333916977
id_644,4,NA,0.133
id_645,43,0.24575265633846916,-0.055907031324218724
id_646,549,0.2598300239704232,0.026683435035243497
id_647,116,0.19756352559923232,0.1612364762264222
id_648,30,0.2853479418456949,-0.01177302717451445
id_649,116,0.3492047300655827,0.2497012001477504
id_65,81,0.13738266509067887,-0.005450506052790007
id_650,180,0.19406387344714043,0.4935999419485691
id_651,129,0.17730111158159914,0.09601052394845472
id_652,40,0.11361161912410192,0.12228724917818685
id_653,36,0.2516183421970651,0.2209898917993447
id_654,232,0.28063390291297763,0.005717228741601479
id_655,48,0.07064431436903865,0.03395732911491989
id_656,266,0.259481284114674,-0.17230071245447634
id_657,101,0.42350418393979594,-6.834584930823506e-4
id_658,53,0.29916871059574174,-0.4522004236419899
id_659,96,0.25594577236931804,-0.49833597383699774
id_66,183,0.2849707393252843,-0.16584528570094192
id_660,135,0.17506910987057922,0.15435063020210002
id_661,141,0.23849810660505336,-0.23233730296208469
id_662,51,0.06990393001765752,0.05324240501555557
id_663,224,0.2907637497305594,-0.274836465912632
id_664,39,NA,0.4177743532774723
id_665,150,0.12464411637174501,0.18407235798635066
id_666,13,0.02562494249885711,0.15120851329967655
id_667,25,0.22377717859743246,-0.221934716505742
id_668,166,0.2652555782533368,-0.17863370223932
id_669,30,0.13389250826163465,0.009078342392782905
id_67,13,0.1975028268748854,0.2100923210278785
id_670,187,0.2482729332007575,-0.3892624990867191
id_671,58,0.3532109501597647,-0.38751762850438476
id_672,41,0.10049114303536782,0.3179665347620403
id_673,143,0.2819123020988123,-0.21767632986789728
id_674,175,0.2355590113510539,-0.1251688471336614
id_675,71,0.12330438224221725,0.02789997842179868
id_676,83,0.0669533136320754,-0.0869285683491652
id_677,47,NA,-0.841714662763558
id_678,65,0.3437541551307937,0.14721438979997506
id_679,315,0.13867167751418846,-0.0015359466357598168
id_68,185,0.24164780045059422,-0.14433445284370744
id_680,32,0.07617362281955006,0.08744198310924545
id_681,98,0.2409502339105822,-0.6702400037062116
id_682,126,0.3020413639206902,-0.09307201823810575
id_683,5,NA,0.6144714802169421
id_684,250,0.22777085109540152,-0.023027594011822042
id_685,110,0.20301214885865967,-0.1761829549189597
id_686,17,0.0176103896932107,0.10245242597140698
id_687,42,NA,0.6123065533195731
id_688,82,0.2177852336982171,-0.5059943341218733
id_689,20,NA,-0.2370232056149777
id_69,399,0.3221987727914136,-0.06966280249553548
id_690,75,0.37710022036280333,-0.5389586833970011
id_691,10,NA,0.11700427342623003
id_692,176,0.1446962805467801,-0.5322370596563468
id_693,111,0.15161537830212418,-0.1767028361263887
id_694,102,0.35665567788139324,-0.09993686792235998
id_695,74,0.30424647948320205,-0.3100566901703166
id_696,139,0.23915789034228935,-0.054979767483316684
id_697,76,0.5238425529939847,0.03006268800751865
id_698,101,0.19568988524144487,0.3334859053994852
id_699,34,0.27158415610559733,-0.36945003962963874
id_7,248,0.2353958704197325,-0.1595573899228589
id_70,119,0.15682006706498927,-0.10898714554127803
id_700,134,0.23329060540012492,-0.2602830713670711
id_701,316,0.36017911851224094,0.14249569691860084
id_702,73,0.17005885362660145,0.049670231521645306
id_703,32,0.22107292346502774,-0.14375539040061416
id_704,161,0.1913045035764782,-0.19692752854463516
id_705,55,0.28046019885810036,-0.24483847735402628
id_706,130,0.2776901981867184,-0.04081711977487643
id_707,108,0.32329074960443255,-0.39090865452595785
id_708,86,0.2368741442111301,-0.6833591999331917
id_709,440,0.23511057704341473,-0.0941198623556195
id_71,120,0.2186892765972883,0.03618627709294486
id_710,68,0.22586934837102127,0.23351221714093373
id_711,175,0.231499521702724,0.018502614331062
id_712,79,0.1787623169299525,-0.03138492745324928
id_713,132,0.11795193384250627,-0.009784442505431932
id_714,838,0.2422066908549795,0.23929454444636694
id_715,875,0.2876161359690159,-0.054792733667546646
id_716,74,0.19590696255993062,-0.41503643891559655
id_717,248,0.3756062412097385,-0.2657534216174792
id_718,161,0.2080327059951955,-0.07633001621373789
id_719,196,0.2340613171103583,-0.25088967729536565
id_72,156,0.4679547447146338,-0.7982840070286684
id_720,17,NA,0.3497363713023922
id_721,405,0.3238471842555064,-0.07197095111954926
id_722,42,0.16302964758534158,-0.4685647518860704
id_723,41,0.12223244825046492,-0.12411929687142861
id_724,27,0.1868454797105142,-0.5047476273862682
id_725,271,0.29741867649583775,0.06974616025629991
id_726,88,0.16442424526967447,0.21481130481462068
id_727,83,0.23540436639050832,0.28953592712463516
id_728,68,0.2625743069033206,-0.3150772089265976
id_729,17,NA,0.9363815411402744
id_73,71,0.26231793187704744,0.28056734288976165
id_730,266,0.3814680285357306,-0.35632425629812997
id_731,23,NA,0.3455083840925729
id_732,125,0.34390512568400666,-0.4406578685396833
id_733,389,0.2670931184330287,-0.43902623356885145
id_734,241,0.19802872605774405,-0.15342651623938233
id_735,45,0.2954687671523596,0.06653086893486165
id_736,65,0.4473546384837828,0.06341993927861635
id_737,130,0.238721701033685,-0.052732933361290146
id_738,374,0.2400779080621302,0.09666638178318038
id_739,450,0.2035172249031068,0.024243786851588175
id_74,38,0.19825837655238351,0.054818089693259096
id_740,76,NA,0.26226806696082616
id_741,24,0.3964284543747816,0.44347670608452083
id_742,175,0.20837618716878,0.06797952138183952
id_743,226,0.3035832059068108,-0.008066832920552214
id_744,185,0.25069565145664063,-0.5531979655884696
id_745,117,0.1726623843174882,-0.3256552441479449
id_746,99,0.22152488514097426,-0.3029372220864239
id_747,616,0.2448526049396176,-0.08337828141724109
id_748,401,0.2745028405386022,-0.1755914039397272
id_749,58,0.17301350184295716,-0.23045260955847702
id_75,105,0.17765361169506272,0.2245742299229974
id_750,30,0.22305007117410905,0.18908288146286867
id_751,52,0.15941571175919436,-0.13659545266416787
id_752,249,0.1983917586408214,0.07893346758435917
id_753,175,0.22011844737592462,0.12729335313844672
id_754,156,0.2892491716322159,-0.10128710429238913
id_755,19,NA,0.9732962509458581
id_756,202,0.19988174231583142,0.19622222439468023
id_757,4,NA,0
id_758,135,0.20367524498654566,-0.3162491148001843
id_759,219,0.24196934244440202,-0.09548414809148868
id_76,61,0.13399971075957862,0.1390463790454166
id_760,87,0.17339811447432588,0.20117992722834796
id_761,125,0.21738764223361398,-0.09481975502456176
id_762,69,0.19086853269100182,0.3340768680417333
id_763,130,0.1854458839215219,0.1457319398475783
id_764,57,0.20010511534785824,0.10520078863816736
id_765,74,0.2945464005664826,-0.4821989944159965
id_766,63,0.19491845872273825,-0.18374957245401982
id_767,299,0.33866149474070256,-0.022721436294911586
id_768,53,0.15822441351807787,-0.14317156371940118
id_769,78,0.370323539090644,-0.3588754374993915
id_77,192,0.19501932895279894,-0.23677543862115652
id_770,44,0.10089127602741675,0.11944887985321807
id_771,260,0.22980211907586584,0.1008264055318289
id_772,80,0.20410820919041192,-0.0021811462547123737
id_773,224,0.15600105456394542,-0.016835741006857766
id_774,27,NA,0.6179572381226294
id_775,12,NA,0
id_776,154,0.09653648918331252,-0.061710907964437546
id_777,10,0.11678236039112162,-0.12979486121896425
id_778,52,0.2851494922791801,-0.18770289164382764
id_779,146,0.17351681690023069,0.1781210461632289
id_78,60,0.2769482757163751,-0.24909290942591356
id_780,56,0.11373763519984126,0.16309817445886035
id_781,136,0.278701443684558,-0.1670216000276808
id_782,185,0.18643332223781905,0.19517652445512682
id_783,29,0.20314817890016929,-0.004293745476983241
id_784,32,0.29682978472505245,0.020935502112335413
id_785,11,NA,-0.05523687832664631
id_786,12,0.10969655114602891,0.11757550765359255
id_787,18,0.033595861935691904,-0.03781350864056192
id_788,238,0.30713122604462567,-0.027351935732708395
id_789,30,0.25520753744531666,0.24754101966249686
id_79,143,0.1962413549461925,0.2327365503457596
id_790,258,0.2925021162553326,-0.19705715369588814
id_791,31,0.20127918862055583,-0.1623662151334029
id_792,45,0.3226488791604925,-0.46141882796303935
id_793,196,0.28227416267560995,0.23091323910625763
id_794,87,0.18280377291669397,0.08976721246966098
id_795,178,0.2943651109442176,-0.039937639126337535
id_796,172,0.45364429441325266,-0.6612013087024627
id_797,81,NA,0.7501333333333333
id_798,29,NA,0.26832976366584
id_799,63,0.2300373397244916,-0.6288707857114999
id_8,80,0.2550234941294657,0.01210195666417276
id_80,72,0.2128937844563274,-0.007185920099492227
id_800,70,0.21373333444565373,-0.11427338632239226
id_801,95,0.14985262747813125,-0.05676073802268804
id_802,744,0.2575736133845994,-0.027668619363060233
id_803,79,0.61392719568195,-0.24752299918324366
id_804,243,0.3080936755068003,0.17920837656261038
id_805,561,0.21949223949013494,-0.0016038760063584803
id_806,34,0.292865957686354,-0.3329102272528344
id_807,90,0.24106321520119692,0.35065354024725376
id_808,291,0.2548825727337909,-0.302231124490711
id_809,127,0.20494362940943367,0.30128475734083454
id_81,72,0.10084987669023111,0.12595262369479374
id_810,152,0.26769597799328176,0.12354177437976707
id_811,85,0.3646550386009579,-0.18871650171438206
id_812,40,0.5263914590394797,-0.43851882435929557
id_813,285,0.43479967143470616,-0.49875357604762316
id_814,306,0.2973803553740154,-0.25467807997370884
id_815,752,0.3287887240064092,0.04284703065408398
id_816,27,0.623652916844429,-1.5532068264298633
id_817,115,0.28978063480444066,-0.4203094094186793
id_818,43,0.06951398780032647,-0.18726567403203118
id_819,313,0.24020624348939915,-0.20541606959315933
id_82,77,0.6124207698268451,-0.05925811865057287
id_820,248,0.209186118749112,-0.10171115141646342
id_821,74,0.18342054696968854,-0.2833735035699272
id_822,173,0.26789548937093355,0.13906515871025385
id_823,78,0.3543429830799194,0.06616996817953336
id_824,331,0.2637805943008829,-0.023073514954607445
id_825,373,0.2762378282417366,0.20238092810520178
id_826,76,0.36053626239443926,-0.5379139732576192
id_827,216,0.25136052539000836,-0.17416861473114173
id_828,43,0.10275258572091703,0.11731925578338528
id_829,60,0.3960126306707612,0.01642672301803767
id_83,16,NA,0.240925
id_830,198,0.28512131307791355,-0.1809811373220195
id_831,60,0.13052496535880037,0.04851236007009778
id_832,22,0.25638466487353356,-0.315165340497264
id_833,108,0.3601636818523428,0.15237729136935702
id_834,619,0.39712739876238123,-0.4447907957047541
id_835,246,0.24615700298478313,-0.01575586739345793
id_836,35,0.3004756659357958,-0.428886692385589
id_837,60,0.2216254353067169,-0.46485404619819626
id_838,90,0.25586888574724087,-0.039998390529153965
id_839,289,0.23256489122287877,-0.04080559725847775
id_84,333,0.33655193878907047,-0.40045820716423963
id_840,129,0.23122044835805505,0.26737176300832394
id_841,231,0.16003750859383467,-0.12537369335598286
id_842,68,0.11971825732596833,-0.10905491433556351
id_843,32,0.27775527723389504,0.2494362586241282
id_844,190,0.2574042055212065,0.1504626249151876
id_845,89,0.29276316525221713,-0.06939178294937645
id_846,27,0.3506026095585169,-0.3421361780040619
id_847,94,0.18084432731743705,-0.1528800941627831
id_848,146,0.20466310574906454,-0.12590656513158952
id_849,124,0.04511879299629685,0.13760784836406112
id_85,44,0.09601118545072126,0.11629826934436718
id_850,262,0.14571441417447217,-0.06594639800081788
id_851,108,0.15290580241768525,-0.11767600653003343
id_852,63,0.09544371354849877,-0.14737997931501473
id_853,105,NA,-0.34440001524390207
id_854,46,0.09366252298718442,-0.13178306906597698
id_855,124,0.16876370765097273,-0.13641824391182458
id_856,250,0.2335217749077437,-0.07685746659437545
id_857,33,0.19339182008514172,0.2260820007415458
id_858,84,0.18252076901808084,0.1609962212682161
id_859,66,0.2580667092377058,-0.26801976345245204
id_86,157,0.21633810658462801,-0.1565604996410811
id_860,211,0.3744834499122135,-0.2163922179857253
id_861,233,0.27246686459156416,-0.3685127479845285
id_862,34,0.29968369341832096,0.11752174653775227
id_863,225,0.2606888907192899,-0.30218822614180985
id_864,102,0.5156555573224103,-0.1604525976693017
id_865,53,0.16417685633537726,0.10197698448502945
id_866,364,0.3033627126684702,-0.15659673276167835
id_867,65,0.14482512698317773,-0.11515699042497128
id_868,188,0.18520134424599796,0.13851253506681993
id_869,135,0.17506910987057922,0.15435063020210002
id_87,44,NA,0.1578411888864593
id_870,113,0.7101325925998649,-1.3398988292913387
id_871,166,0.38289837340304095,-0.16795255098927903
id_872,263,0.17095512903593138,0.1317044259078101
id_873,209,0.23398490105364872,-0.09046091566323011
id_874,161,0.29184325470839884,-0.4662068193078023
id_875,154,0.33595872920492437,-0.37553337651237245
id_876,92,0.48581185317975145,0.2934196591445106
id_877,49,0.30298583084469904,-0.22039470381098095
id_878,176,0.24557917755441863,-0.16947247004568466
id_879,8,NA,-0.07636753236814715
id_88,285,0.3490708923351124,0.16970915193317773
id_880,174,0.4999585028073179,0.13342049015110038
id_881,444,0.2595030890077467,-0.12992396375930382
id_882,133,0.04792348722524678,0.007045729383610651
id_883,70,0.30774620654512036,0.3158620613513232
id_884,26,0.11882031517836536,-0.07977671728184091
id_885,70,0.41235805517242696,-0.3730191192602515
id_886,189,0.22819676967734473,0.183641821574722
id_887,53,0.25003603620335957,-0.5827091176307647
id_888,140,0.2586079702971285,-0.30471218174384695
id_889,74,0.1244322129549202,0.085768260155702
id_89,46,NA,0.3265323281984429
id_890,132,0.1906103994938889,0.20076758434925618
id_891,212,0.2341830146600705,-0.26334533909161584
id_892,89,0.49483631770863185,-0.35066991834432554
id_893,86,0.36952342969550794,0.19251745502761658
id_894,74,0.17678817461229465,-0.21773839360467603
id_895,30,0.3064325563816409,-0.2691451765697186
id_896,98,0.21777098519346896,0.013667345411867772
id_897,109,0.12928561374493144,0.07750496196297868
id_898,97,0.1550441560636813,0.031204524544677998
id_899,353,0.3012751790829802,-0.22201366899211966
id_9,49,0.17283834237452947,0.19888346786487615
id_90,165,0.18794095142699088,0.05683941472751653
id_900,25,0.1689637302478975,0.48156536457570254
id_901,173,0.24429964145073943,-0.1280823227813903
id_902,126,0.17635883586141182,0.06864949418020341
id_903,198,0.20998344644555567,0.2728348704564865
id_904,120,0.41416179691556493,-0.37144427954900394
id_905,221,0.3918573209486166,-0.2798277719653686
id_906,62,0.29825422855686534,0.26871513435600547
id_907,10,0.031019446765515955,0.04156397030899873
id_908,127,0.2583653364281156,-0.4609494284126519
id_909,13,NA,-0.026625609418811008
id_91,83,0.3197551878064374,0.2571899598765395
id_910,64,0.18685521072837008,-0.16155636698829823
id_911,264,0.25942149201361026,0.05041269125932689
id_912,30,0.029519074193136707,0.028022931601794147
id_913,101,0.5704194119953536,-0.3573313143698078
id_914,88,0.27483422655126677,-0.04333523319423687
id_915,22,0.26138597322603124,-0.30253316428957877
id_916,56,0.3618133144813622,-1.2830763937137684
id_917,62,0.3712111906806936,-0.6570182134582018
id_918,83,0.19596054855985212,-0.26658534187751065
id_919,143,0.20842083263876796,0.007669778619711826
id_92,94,0.2602863880073904,-0.7639105863108151
id_920,25,0.35915798907402136,-0.4782724725851919
id_921,58,0.23265475517834341,0.32420606837704713
id_922,19,NA,0.24272184643505434
id_923,267,0.2577814370105834,-0.24122695115458642
id_924,268,0.24435649312114532,-0.03355670201335977
id_925,112,0.18705756873577822,-0.4849318983360823
id_926,106,0.19907609177993132,-0.16351101750277552
id_927,73,0.25407175578524716,0.12472689985153337
id_928,34,0.47816822906045675,-0.14417591458037463
id_929,227,0.23830476698476039,0.2505147065067167
id_93,88,0.353609516732356,-0.6844006453863891
id_930,65,0.20838611171727087,-0.2852460438814045
id_931,11,NA,-0.05005088319990877
id_932,334,0.20160739278391424,-0.04743347295708629
id_933,112,0.35760717781543416,-0.5745220343434252
id_934,267,0.37449367496322633,0.1752549915026899
id_935,89,0.17258506446647914,-0.14928168312420576
id_936,16,NA,0
id_937,57,0.27489583743067547,-0.043907049047320484
id_938,45,0.25118221010644304,0.20774890522829262
id_939,51,0.22961027020049982,-0.7331462057564644
id_94,90,0.2738163211611167,0.3527491320457965
id_940,76,0.06784202123381651,0.06693059367512863
id_941,33,0.1464628912564646,-0.259449476280833
id_942,161,0.37643023457594393,0.15076583157130025
id_943,286,0.09420723512204164,-0.009758718071386934
id_944,269,0.21977388346712093,-0.061817257309423744
id_945,108,0.2831683904677151,-0.221661823529618
id_946,212,0.16570521977206626,-0.011784633993520328
id_947,42,0.2837183949414682,0.10485935067255615
id_948,83,0.2152239969366505,0.0439862915056743
id_949,77,0.2875882535690818,-0.6215776339532548
id_95,112,0.14867430455777894,0.08438906379333762
id_950,123,0.11063780160701406,0.33504336002844165
id_951,109,0.38102726357169325,-0.5436564607243869
id_952,186,0.26229293196415,-0.4491895703500137
id_953,270,0.2636270726667057,-0.4342709865535938
id_954,49,0.09039111356284775,0.011199075297426298
id_955,198,0.22233434809771643,0.12432562586878394
id_956,36,0.1473294001649668,-0.311147698663146
id_957,307,0.3119033877626681,-0.07521388561091766
id_958,27,0.03076218609689307,0.20656429667092135
id_959,32,0.2996172675028591,0.1903653482707737
id_96,262,0.23936969422067542,-0.06429030930480076
id_960,66,0.31512399111476763,-0.27442047178964135
id_961,34,0.25915795361509425,-0.11446286929481161
id_962,205,0.20712306461191557,-0.05207747090310615
id_963,31,NA,0.45476062473179407
id_964,13,0.259831379387259,-0.20051629480631597
id_965,31,0.2108583632433083,-0.14967186502610202
id_966,39,0.22549455482926142,0.10190831049843116
id_967,96,0.21507739391783617,-0.1406630483496955
id_968,139,0.1982242402923325,-0.06441188140449017
id_969,78,0.31114055401742186,-0.566585211340745
id_97,23,0.06179090547969009,0.04768509272718852
id_970,229,0.22695529205527118,-0.0485866473004799
id_971,459,0.2546013462358526,-0.21540508538101905
id_972,228,0.32309900827271076,0.03465794206076578
id_973,23,NA,0.3455083840925729
id_974,71,0.20199648915701438,-0.2716195718148708
id_975,79,0.1718173132885564,-0.1343571962878059
id_976,66,0.42611547704986014,-0.3413040803633439
id_977,86,0.2011026464326599,-0.14156022056857584
id_978,80,0.20043069142607808,0.21034096549972223
id_979,82,NA,-0.3746720816667393
id_98,240,0.38294948906444376,0.0332507494882475
id_980,79,0.2968459699026804,-0.5728225408956343
id_981,137,NA,0.0639913885629854
id_982,99,0.29576360559981635,0.15275269337196973
id_983,74,0.5674580790074438,-0.9208619450121601
id_984,94,0.24623169888019134,0.04638005860138268
id_985,186,0.2457701340374979,0.15494867694422804
id_986,309,0.12007133417906075,0.059711598190989694
id_987,4,NA,0
id_988,213,0.28540190920591585,-0.08259369508749276
id_989,104,0.3253189924342795,0.01238476126176153
id_99,203,0.4420224031113389,-0.5218611858093549
id_990,245,0.366188644532011,-0.05202017329998831
id_991,173,0.40354996579609,0.1818005865079817
id_992,466,0.2944269044909669,-0.15142207121372972
id_993,127,0.20251310994086863,-0.0016111092841847275
id_994,194,0.26604997678522313,-0.14689619189005035
id_995,140,0.23367936905586195,-0.27396612162779543
id_996,39,0.29781418508315305,0.29941357019415693
id_997,92,0.3609509939642524,-0.31004047249886296
id_998,130,0.09146203431403757,0.3083715494310987
id_999,71,0.20199648915701438,-0.2716195718148708
